"","mean","sd","2.5%","97.5%","n_eff","Rhat4"
"a",-20.45360485,0.113687392674404,-20.6705225,-20.23459,2311.38544786293,0.998826853006411
"bV1",3.05481166,0.184079955961636,2.68427175,3.41571275,1868.81050851382,0.999051632575679
"bV2",2.94109687,0.190333897299808,2.56817725,3.31896925,1800.32641132757,1.00098269638083
"bV3",3.606532705,0.197466960487001,3.23139575,3.98984925,1953.69907238804,0.999849399505337
"bV4",3.452917565,0.19594375253475,3.06231875,3.838581,1708.78515431058,1.00092232182518
"bV5",1.91873244,0.183183758141845,1.56771475,2.26638775,1484.89782391102,1.00061573922292
"bDH1",-0.076415091929,0.0614733536293056,-0.200453525,0.0433177524999999,2746.80363408721,0.99885262344014
"bDH2",0.1092584038235,0.054669528693183,0.00272403975000003,0.213536225,2014.83751424707,0.999782270906632
"bDH3",-0.3860911695,0.0547408185972599,-0.490672975,-0.28253515,1993.42221739312,1.000146310914
"bDH4",-0.30162288,0.0492771349498328,-0.39849395,-0.20997505,2272.54692022841,0.998717756238328
"bDH5",0.25627089765,0.0501226627452254,0.157081075,0.355773675,2801.84521842147,0.999839724174783
