"","mean","sd","2.5%","97.5%","n_eff","Rhat4"
"a",-18.91869605,0.173812719471627,-19.25225,-18.580265,1140.60054647012,0.999667279050107
"bV1",3.555158465,0.174897765423601,3.2312505,3.901155,1628.39388147896,0.999430556485637
"bV2",4.18278649,0.190557405516496,3.807111,4.56528,1293.77095374366,1.00169140368818
"bV3",5.091493575,0.186956001008328,4.7366525,5.45865125,1538.02841990903,1.00117099851413
"bA1",-0.0454128706412,0.0692575847326355,-0.1803886,0.0869741625,1401.33249140676,1.00183336390553
"bA2",0.17687891344,0.0715849341741194,0.0367496225,0.319598775,1346.94086469418,1.00263185466211
"bA3",0.671696725,0.0646138993655002,0.542563975,0.792891525,1715.88595300365,0.99974900042454
"bDH1",-0.3279348945,0.0608648413996099,-0.44648045,-0.2092736,1861.25212269855,1.00282111811401
"bDH2",-0.16147877917,0.0555688817119925,-0.271931225,-0.055911375,1916.20468056737,1.00025738625242
"bDH3",-0.295262143,0.0550883493838168,-0.4022526,-0.18791735,1934.80854984805,0.999810933974121
